{
  "hub_threshold": 0.7,
  "n_categories": 16,
  "dim": 196608,
  "n_hubs": 4106,
  "n_semantic": 4094,
  "n_silent": 179744,
  "hub_pct": 0.020884195963541668,
  "layer_head_hubs": {
    "L0H0": 92,
    "L0H1": 137,
    "L0H2": 61,
    "L0H3": 145,
    "L1H0": 160,
    "L1H1": 116,
    "L1H2": 55,
    "L1H3": 79,
    "L2H0": 399,
    "L2H1": 164,
    "L2H2": 147,
    "L2H3": 104,
    "L3H0": 398,
    "L3H1": 218,
    "L3H2": 197,
    "L3H3": 204,
    "L4H0": 197,
    "L4H1": 152,
    "L4H2": 132,
    "L4H3": 310,
    "L5H0": 124,
    "L5H1": 198,
    "L5H2": 158,
    "L5H3": 159
  },
  "similarity_before": {
    "abstract": 0.9873318672180176,
    "animals": 0.9946277141571045,
    "animals_boolean": 0.980758011341095,
    "arithmetic": 0.940822958946228,
    "boundary": 0.981316328048706,
    "cognitive": 0.9890857934951782,
    "emotions": 0.992387056350708,
    "emotions_boolean": 0.9922589659690857,
    "emotions_boundary": 0.9729738831520081,
    "grammar": 0.9360643029212952,
    "movement": 0.9743754863739014,
    "multilingual": 0.938389003276825,
    "objects": 0.9944144487380981,
    "spatial": 0.945501446723938,
    "time": 0.9448164701461792,
    "vehicles": 0.9948982000350952
  },
  "similarity_after": {
    "abstract": 0.3989924490451813,
    "animals": 0.7095679044723511,
    "animals_boolean": 0.43389761447906494,
    "arithmetic": 0.12173900008201599,
    "boundary": 0.3764834702014923,
    "cognitive": 0.8404558300971985,
    "emotions": 0.48686954379081726,
    "emotions_boolean": 0.7513926029205322,
    "emotions_boundary": 0.5312396883964539,
    "grammar": 0.2047945261001587,
    "movement": 0.4238302707672119,
    "multilingual": 0.2681163251399994,
    "objects": 0.7522106170654297,
    "spatial": 0.2803754508495331,
    "time": 0.3487498164176941,
    "vehicles": 0.7842231392860413
  }
}