{
  "hub_threshold": 0.7,
  "n_categories": 16,
  "dim": 196608,
  "n_hubs": 3085,
  "n_semantic": 2985,
  "n_silent": 184215,
  "hub_pct": 0.015691121419270832,
  "layer_head_hubs": {
    "L0H0": 86,
    "L0H1": 17,
    "L0H2": 29,
    "L0H3": 143,
    "L1H0": 44,
    "L1H1": 31,
    "L1H2": 53,
    "L1H3": 91,
    "L2H0": 64,
    "L2H1": 77,
    "L2H2": 135,
    "L2H3": 177,
    "L3H0": 247,
    "L3H1": 82,
    "L3H2": 194,
    "L3H3": 263,
    "L4H0": 218,
    "L4H1": 125,
    "L4H2": 155,
    "L4H3": 164,
    "L5H0": 186,
    "L5H1": 133,
    "L5H2": 228,
    "L5H3": 143
  },
  "similarity_before": {
    "abstract": 0.9116353988647461,
    "animals": 0.9334679245948792,
    "animals_boolean": 0.8943796157836914,
    "arithmetic": 0.7884905934333801,
    "boundary": 0.9237168431282043,
    "cognitive": 0.8981378674507141,
    "emotions": 0.8985332250595093,
    "emotions_boolean": 0.8695168495178223,
    "emotions_boundary": 0.9010224938392639,
    "grammar": 0.7759522199630737,
    "movement": 0.8745391368865967,
    "multilingual": 0.7215774655342102,
    "objects": 0.9239376783370972,
    "spatial": 0.8028194904327393,
    "time": 0.7501065135002136,
    "vehicles": 0.9366413950920105
  },
  "similarity_after": {
    "abstract": 0.3182944655418396,
    "animals": 0.5114883184432983,
    "animals_boolean": 0.3568207621574402,
    "arithmetic": 0.1462271362543106,
    "boundary": 0.41016945242881775,
    "cognitive": 0.48890918493270874,
    "emotions": 0.3570157289505005,
    "emotions_boolean": 0.40385517477989197,
    "emotions_boundary": 0.3776495158672333,
    "grammar": 0.23810194432735443,
    "movement": 0.38082775473594666,
    "multilingual": 0.19982405006885529,
    "objects": 0.45233631134033203,
    "spatial": 0.224094420671463,
    "time": 0.16611802577972412,
    "vehicles": 0.6494714021682739
  }
}