{
  "hub_threshold": 0.7,
  "n_categories": 16,
  "dim": 196608,
  "n_hubs": 3236,
  "n_semantic": 3751,
  "n_silent": 182661,
  "hub_pct": 0.016459147135416668,
  "layer_head_hubs": {
    "L0H0": 87,
    "L0H1": 19,
    "L0H2": 31,
    "L0H3": 170,
    "L1H0": 55,
    "L1H1": 46,
    "L1H2": 78,
    "L1H3": 72,
    "L2H0": 68,
    "L2H1": 90,
    "L2H2": 161,
    "L2H3": 266,
    "L3H0": 147,
    "L3H1": 112,
    "L3H2": 190,
    "L3H3": 219,
    "L4H0": 149,
    "L4H1": 144,
    "L4H2": 189,
    "L4H3": 157,
    "L5H0": 159,
    "L5H1": 183,
    "L5H2": 266,
    "L5H3": 178
  },
  "similarity_before": {
    "abstract": 0.9295499920845032,
    "animals": 0.9503133893013,
    "animals_boolean": 0.9038230776786804,
    "arithmetic": 0.8118318915367126,
    "boundary": 0.9352942109107971,
    "cognitive": 0.9187893867492676,
    "emotions": 0.9129127264022827,
    "emotions_boolean": 0.8934568762779236,
    "emotions_boundary": 0.9186465740203857,
    "grammar": 0.739427387714386,
    "movement": 0.8983067274093628,
    "multilingual": 0.7463364601135254,
    "objects": 0.9310324788093567,
    "spatial": 0.8155030608177185,
    "time": 0.7593854069709778,
    "vehicles": 0.9493681192398071
  },
  "similarity_after": {
    "abstract": 0.2620801627635956,
    "animals": 0.5407329201698303,
    "animals_boolean": 0.3493403196334839,
    "arithmetic": 0.17418737709522247,
    "boundary": 0.3185403645038605,
    "cognitive": 0.48314276337623596,
    "emotions": 0.3674508333206177,
    "emotions_boolean": 0.42841216921806335,
    "emotions_boundary": 0.22905071079730988,
    "grammar": 0.2545183598995209,
    "movement": 0.37776094675064087,
    "multilingual": 0.20275798439979553,
    "objects": 0.4217309355735779,
    "spatial": 0.14383548498153687,
    "time": 0.15309187769889832,
    "vehicles": 0.603816568851471
  }
}