{
  "hub_threshold": 0.7,
  "n_categories": 14,
  "dim": 196608,
  "n_hubs": 2931,
  "n_semantic": 5657,
  "n_silent": 179059,
  "hub_pct": 0.0149078369140625,
  "layer_head_hubs": {
    "L0H0": 70,
    "L0H1": 18,
    "L0H2": 35,
    "L0H3": 194,
    "L1H0": 52,
    "L1H1": 38,
    "L1H2": 81,
    "L1H3": 55,
    "L2H0": 61,
    "L2H1": 90,
    "L2H2": 128,
    "L2H3": 251,
    "L3H0": 138,
    "L3H1": 108,
    "L3H2": 163,
    "L3H3": 191,
    "L4H0": 140,
    "L4H1": 130,
    "L4H2": 155,
    "L4H3": 143,
    "L5H0": 155,
    "L5H1": 159,
    "L5H2": 218,
    "L5H3": 158
  },
  "similarity_before": {
    "arithmetic": 0.9481297731399536,
    "arithmetic_de": 0.9651290774345398,
    "arithmetic_grounded": 0.8201631307601929,
    "arithmetic_jp": 0.9836337566375732,
    "arithmetic_para": 0.8059572577476501,
    "arithmetic_zh": 0.9698627591133118,
    "comparison": 0.827021598815918,
    "contrastive": 0.8511189222335815,
    "grounded_causal": 0.7522891163825989,
    "identity": 0.7830398678779602,
    "rule_application": 0.8386231660842896,
    "sequence": 0.8169484734535217,
    "successor": 0.817203938961029,
    "zero": 0.816597580909729
  },
  "similarity_after": {
    "arithmetic": 0.5870543718338013,
    "arithmetic_de": 0.7581878900527954,
    "arithmetic_grounded": 0.26218605041503906,
    "arithmetic_jp": 0.8954448699951172,
    "arithmetic_para": 0.25445249676704407,
    "arithmetic_zh": 0.8686774373054504,
    "comparison": 0.28934770822525024,
    "contrastive": 0.5247359871864319,
    "grounded_causal": 0.17236800491809845,
    "identity": 0.18563157320022583,
    "rule_application": 0.5404590368270874,
    "sequence": 0.4405955672264099,
    "successor": 0.29861128330230713,
    "zero": 0.3340979218482971
  }
}