{
  "hub_threshold": 0.7,
  "n_categories": 14,
  "dim": 196608,
  "n_hubs": 2839,
  "n_semantic": 5080,
  "n_silent": 180977,
  "hub_pct": 0.014439900716145834,
  "layer_head_hubs": {
    "L0H0": 76,
    "L0H1": 16,
    "L0H2": 32,
    "L0H3": 167,
    "L1H0": 47,
    "L1H1": 30,
    "L1H2": 55,
    "L1H3": 76,
    "L2H0": 67,
    "L2H1": 81,
    "L2H2": 111,
    "L2H3": 210,
    "L3H0": 199,
    "L3H1": 85,
    "L3H2": 153,
    "L3H3": 173,
    "L4H0": 193,
    "L4H1": 115,
    "L4H2": 132,
    "L4H3": 177,
    "L5H0": 177,
    "L5H1": 131,
    "L5H2": 208,
    "L5H3": 128
  },
  "similarity_before": {
    "arithmetic": 0.9393346309661865,
    "arithmetic_de": 0.94406658411026,
    "arithmetic_grounded": 0.7544494867324829,
    "arithmetic_jp": 0.9838245511054993,
    "arithmetic_para": 0.7940800786018372,
    "arithmetic_zh": 0.9787433743476868,
    "comparison": 0.7789103984832764,
    "contrastive": 0.8430631756782532,
    "grounded_causal": 0.7154979109764099,
    "identity": 0.7611479163169861,
    "rule_application": 0.8495110273361206,
    "sequence": 0.8160364031791687,
    "successor": 0.7933005690574646,
    "zero": 0.7981261014938354
  },
  "similarity_after": {
    "arithmetic": 0.5455909967422485,
    "arithmetic_de": 0.6231092810630798,
    "arithmetic_grounded": 0.2540726065635681,
    "arithmetic_jp": 0.911694347858429,
    "arithmetic_para": 0.21617743372917175,
    "arithmetic_zh": 0.9147140979766846,
    "comparison": 0.25084906816482544,
    "contrastive": 0.5551486611366272,
    "grounded_causal": 0.20565956830978394,
    "identity": 0.178957998752594,
    "rule_application": 0.5158087611198425,
    "sequence": 0.44416818022727966,
    "successor": 0.22440408170223236,
    "zero": 0.3308723270893097
  }
}