{
  "hub_threshold": 0.7,
  "n_categories": 14,
  "dim": 196608,
  "n_hubs": 3387,
  "n_semantic": 1514,
  "n_silent": 187114,
  "hub_pct": 0.0172271728515625,
  "layer_head_hubs": {
    "L0H0": 68,
    "L0H1": 28,
    "L0H2": 34,
    "L0H3": 76,
    "L1H0": 86,
    "L1H1": 40,
    "L1H2": 34,
    "L1H3": 93,
    "L2H0": 163,
    "L2H1": 69,
    "L2H2": 82,
    "L2H3": 142,
    "L3H0": 205,
    "L3H1": 135,
    "L3H2": 153,
    "L3H3": 176,
    "L4H0": 256,
    "L4H1": 156,
    "L4H2": 229,
    "L4H3": 187,
    "L5H0": 268,
    "L5H1": 191,
    "L5H2": 270,
    "L5H3": 246
  },
  "similarity_before": {
    "arithmetic": 0.9957109689712524,
    "arithmetic_de": 0.9948648810386658,
    "arithmetic_grounded": 0.9727002382278442,
    "arithmetic_jp": 0.9995214343070984,
    "arithmetic_para": 0.9793667793273926,
    "arithmetic_zh": 0.9992063045501709,
    "comparison": 0.8946040272712708,
    "contrastive": 0.9707314372062683,
    "grounded_causal": 0.7701306939125061,
    "identity": 0.8346297740936279,
    "rule_application": 0.9809123277664185,
    "sequence": 0.8679940104484558,
    "successor": 0.8149844408035278,
    "zero": 0.7695668935775757
  },
  "similarity_after": {
    "arithmetic": 0.9512141346931458,
    "arithmetic_de": 0.9014163613319397,
    "arithmetic_grounded": 0.6481139063835144,
    "arithmetic_jp": 0.9994128346443176,
    "arithmetic_para": 0.6320428848266602,
    "arithmetic_zh": 0.9963312149047852,
    "comparison": 0.5699950456619263,
    "contrastive": 0.9256641268730164,
    "grounded_causal": 0.29013967514038086,
    "identity": 0.415169358253479,
    "rule_application": 0.9399245381355286,
    "sequence": 0.5887419581413269,
    "successor": 0.25529754161834717,
    "zero": 0.36780282855033875
  }
}