{
  "hub_threshold": 0.7,
  "n_categories": 16,
  "dim": 196608,
  "n_hubs": 4006,
  "n_semantic": 2045,
  "n_silent": 185345,
  "hub_pct": 0.020375569661458332,
  "layer_head_hubs": {
    "L0H0": 122,
    "L0H1": 46,
    "L0H2": 46,
    "L0H3": 221,
    "L1H0": 116,
    "L1H1": 46,
    "L1H2": 48,
    "L1H3": 229,
    "L2H0": 169,
    "L2H1": 67,
    "L2H2": 100,
    "L2H3": 252,
    "L3H0": 175,
    "L3H1": 100,
    "L3H2": 165,
    "L3H3": 204,
    "L4H0": 226,
    "L4H1": 151,
    "L4H2": 202,
    "L4H3": 312,
    "L5H0": 245,
    "L5H1": 238,
    "L5H2": 304,
    "L5H3": 222
  },
  "similarity_before": {
    "abstract": 0.9930179715156555,
    "animals": 0.9946898818016052,
    "animals_boolean": 0.9895360469818115,
    "arithmetic": 0.9600103497505188,
    "boundary": 0.9869621396064758,
    "cognitive": 0.9831027984619141,
    "emotions": 0.9931128621101379,
    "emotions_boolean": 0.9832388758659363,
    "emotions_boundary": 0.9866235852241516,
    "grammar": 0.9606313705444336,
    "movement": 0.9867205023765564,
    "multilingual": 0.9678378105163574,
    "objects": 0.9943220019340515,
    "spatial": 0.9613751173019409,
    "time": 0.9694529175758362,
    "vehicles": 0.9954153895378113
  },
  "similarity_after": {
    "abstract": 0.37478363513946533,
    "animals": 0.6173152923583984,
    "animals_boolean": 0.3915826082229614,
    "arithmetic": 0.2223869115114212,
    "boundary": 0.3354853689670563,
    "cognitive": 0.533341646194458,
    "emotions": 0.7084470391273499,
    "emotions_boolean": 0.595410168170929,
    "emotions_boundary": 0.3542936146259308,
    "grammar": 0.28215616941452026,
    "movement": 0.3842253088951111,
    "multilingual": 0.25047537684440613,
    "objects": 0.5715595483779907,
    "spatial": 0.13169486820697784,
    "time": 0.1962365210056305,
    "vehicles": 0.622300922870636
  }
}