{
  "hub_threshold": 0.7,
  "n_categories": 14,
  "dim": 196608,
  "n_hubs": 3415,
  "n_semantic": 2678,
  "n_silent": 184011,
  "hub_pct": 0.017369588216145832,
  "layer_head_hubs": {
    "L0H0": 76,
    "L0H1": 33,
    "L0H2": 40,
    "L0H3": 60,
    "L1H0": 102,
    "L1H1": 42,
    "L1H2": 34,
    "L1H3": 85,
    "L2H0": 184,
    "L2H1": 97,
    "L2H2": 95,
    "L2H3": 109,
    "L3H0": 213,
    "L3H1": 165,
    "L3H2": 198,
    "L3H3": 137,
    "L4H0": 241,
    "L4H1": 184,
    "L4H2": 239,
    "L4H3": 131,
    "L5H0": 257,
    "L5H1": 214,
    "L5H2": 298,
    "L5H3": 181
  },
  "similarity_before": {
    "arithmetic": 0.9899687767028809,
    "arithmetic_de": 0.9868574142456055,
    "arithmetic_grounded": 0.9668979644775391,
    "arithmetic_jp": 0.9982383847236633,
    "arithmetic_para": 0.96751868724823,
    "arithmetic_zh": 0.9975717067718506,
    "comparison": 0.8066768050193787,
    "contrastive": 0.9659156799316406,
    "grounded_causal": 0.7488566637039185,
    "identity": 0.7560908198356628,
    "rule_application": 0.9546571969985962,
    "sequence": 0.8438605666160583,
    "successor": 0.7788071036338806,
    "zero": 0.7678495645523071
  },
  "similarity_after": {
    "arithmetic": 0.858848512172699,
    "arithmetic_de": 0.9185850620269775,
    "arithmetic_grounded": 0.43265780806541443,
    "arithmetic_jp": 0.9972676038742065,
    "arithmetic_para": 0.42951297760009766,
    "arithmetic_zh": 0.9951538443565369,
    "comparison": 0.3448410928249359,
    "contrastive": 0.8677815198898315,
    "grounded_causal": 0.21520359814167023,
    "identity": 0.2756494879722595,
    "rule_application": 0.8193144798278809,
    "sequence": 0.6173108220100403,
    "successor": 0.22239063680171967,
    "zero": 0.39361000061035156
  }
}