{
  "hub_threshold": 0.7,
  "n_categories": 14,
  "dim": 196608,
  "n_hubs": 3747,
  "n_semantic": 1848,
  "n_silent": 186698,
  "hub_pct": 0.0190582275390625,
  "layer_head_hubs": {
    "L0H0": 113,
    "L0H1": 52,
    "L0H2": 55,
    "L0H3": 191,
    "L1H0": 87,
    "L1H1": 49,
    "L1H2": 47,
    "L1H3": 155,
    "L2H0": 149,
    "L2H1": 79,
    "L2H2": 113,
    "L2H3": 190,
    "L3H0": 159,
    "L3H1": 168,
    "L3H2": 189,
    "L3H3": 150,
    "L4H0": 191,
    "L4H1": 223,
    "L4H2": 233,
    "L4H3": 176,
    "L5H0": 202,
    "L5H1": 273,
    "L5H2": 292,
    "L5H3": 211
  },
  "similarity_before": {
    "arithmetic": 0.9974349141120911,
    "arithmetic_de": 0.9973812699317932,
    "arithmetic_grounded": 0.9833210706710815,
    "arithmetic_jp": 0.999282717704773,
    "arithmetic_para": 0.9814080595970154,
    "arithmetic_zh": 0.9987695217132568,
    "comparison": 0.9816617369651794,
    "contrastive": 0.9942927360534668,
    "grounded_causal": 0.9750869274139404,
    "identity": 0.9770500659942627,
    "rule_application": 0.9936414957046509,
    "sequence": 0.9868409037590027,
    "successor": 0.9798770546913147,
    "zero": 0.9855586290359497
  },
  "similarity_after": {
    "arithmetic": 0.7487631440162659,
    "arithmetic_de": 0.9230839610099792,
    "arithmetic_grounded": 0.5784926414489746,
    "arithmetic_jp": 0.9806188941001892,
    "arithmetic_para": 0.2710493206977844,
    "arithmetic_zh": 0.9860366582870483,
    "comparison": 0.2714330852031708,
    "contrastive": 0.6353493332862854,
    "grounded_causal": 0.14692921936511993,
    "identity": 0.17972806096076965,
    "rule_application": 0.9212220311164856,
    "sequence": 0.5096002221107483,
    "successor": 0.19446223974227905,
    "zero": 0.42706912755966187
  }
}