{
  "hub_threshold": 0.7,
  "n_categories": 14,
  "dim": 196608,
  "n_hubs": 2042,
  "n_semantic": 2018,
  "n_silent": 187604,
  "hub_pct": 0.010386149088541666,
  "layer_head_hubs": {
    "L0H0": 49,
    "L0H1": 42,
    "L0H2": 42,
    "L0H3": 62,
    "L1H0": 18,
    "L1H1": 22,
    "L1H2": 18,
    "L1H3": 41,
    "L2H0": 40,
    "L2H1": 35,
    "L2H2": 29,
    "L2H3": 57,
    "L3H0": 98,
    "L3H1": 84,
    "L3H2": 100,
    "L3H3": 71,
    "L4H0": 167,
    "L4H1": 82,
    "L4H2": 94,
    "L4H3": 106,
    "L5H0": 247,
    "L5H1": 164,
    "L5H2": 241,
    "L5H3": 133
  },
  "similarity_before": {
    "arithmetic": 0.9797120094299316,
    "arithmetic_de": 0.9743126034736633,
    "arithmetic_grounded": 0.8846780061721802,
    "arithmetic_jp": 0.9937695264816284,
    "arithmetic_para": 0.9051088690757751,
    "arithmetic_zh": 0.9923999905586243,
    "comparison": 0.8163672089576721,
    "contrastive": 0.9406841993331909,
    "grounded_causal": 0.7601704597473145,
    "identity": 0.8046435713768005,
    "rule_application": 0.9239743947982788,
    "sequence": 0.8380277752876282,
    "successor": 0.7985639572143555,
    "zero": 0.8064156770706177
  },
  "similarity_after": {
    "arithmetic": 0.8942687511444092,
    "arithmetic_de": 0.8491714596748352,
    "arithmetic_grounded": 0.6255185604095459,
    "arithmetic_jp": 0.9843911528587341,
    "arithmetic_para": 0.4882885217666626,
    "arithmetic_zh": 0.9412311911582947,
    "comparison": 0.21672122180461884,
    "contrastive": 0.8358061909675598,
    "grounded_causal": 0.23378528654575348,
    "identity": 0.16944651305675507,
    "rule_application": 0.7582117319107056,
    "sequence": 0.42254874110221863,
    "successor": 0.2681250274181366,
    "zero": 0.39179080724716187
  }
}