{
  "hub_threshold": 0.7,
  "n_categories": 16,
  "dim": 196608,
  "n_hubs": 2004,
  "n_semantic": 2321,
  "n_silent": 187843,
  "hub_pct": 0.01019287109375,
  "layer_head_hubs": {
    "L0H0": 75,
    "L0H1": 57,
    "L0H2": 54,
    "L0H3": 74,
    "L1H0": 33,
    "L1H1": 41,
    "L1H2": 36,
    "L1H3": 39,
    "L2H0": 60,
    "L2H1": 50,
    "L2H2": 64,
    "L2H3": 34,
    "L3H0": 92,
    "L3H1": 92,
    "L3H2": 116,
    "L3H3": 49,
    "L4H0": 138,
    "L4H1": 126,
    "L4H2": 97,
    "L4H3": 66,
    "L5H0": 225,
    "L5H1": 160,
    "L5H2": 124,
    "L5H3": 102
  },
  "similarity_before": {
    "abstract": 0.9914767146110535,
    "animals": 0.9948465824127197,
    "animals_boolean": 0.9861924648284912,
    "arithmetic": 0.9364027380943298,
    "boundary": 0.9814022183418274,
    "cognitive": 0.9942899942398071,
    "emotions": 0.9954973459243774,
    "emotions_boolean": 0.9933750629425049,
    "emotions_boundary": 0.9842214584350586,
    "grammar": 0.9401984810829163,
    "movement": 0.9815407991409302,
    "multilingual": 0.9040586352348328,
    "objects": 0.9950763583183289,
    "spatial": 0.9443690180778503,
    "time": 0.9261263608932495,
    "vehicles": 0.996746838092804
  },
  "similarity_after": {
    "abstract": 0.4323408007621765,
    "animals": 0.7855668067932129,
    "animals_boolean": 0.46178367733955383,
    "arithmetic": 0.21754871308803558,
    "boundary": 0.4728233516216278,
    "cognitive": 0.669958233833313,
    "emotions": 0.7740958333015442,
    "emotions_boolean": 0.7650468945503235,
    "emotions_boundary": 0.2685469090938568,
    "grammar": 0.2816120982170105,
    "movement": 0.4017913043498993,
    "multilingual": 0.18606744706630707,
    "objects": 0.8197105526924133,
    "spatial": 0.19084800779819489,
    "time": 0.17462429404258728,
    "vehicles": 0.8936249017715454
  }
}