{
  "hub_threshold": 0.7,
  "n_categories": 14,
  "dim": 196608,
  "n_hubs": 2251,
  "n_semantic": 4774,
  "n_silent": 181865,
  "hub_pct": 0.011449178059895834,
  "layer_head_hubs": {
    "L0H0": 66,
    "L0H1": 21,
    "L0H2": 30,
    "L0H3": 62,
    "L1H0": 43,
    "L1H1": 17,
    "L1H2": 29,
    "L1H3": 143,
    "L2H0": 47,
    "L2H1": 49,
    "L2H2": 95,
    "L2H3": 100,
    "L3H0": 73,
    "L3H1": 83,
    "L3H2": 142,
    "L3H3": 80,
    "L4H0": 113,
    "L4H1": 138,
    "L4H2": 177,
    "L4H3": 99,
    "L5H0": 157,
    "L5H1": 152,
    "L5H2": 215,
    "L5H3": 120
  },
  "similarity_before": {
    "arithmetic": 0.9369937777519226,
    "arithmetic_de": 0.9641436338424683,
    "arithmetic_grounded": 0.7975866198539734,
    "arithmetic_jp": 0.9516899585723877,
    "arithmetic_para": 0.7874826788902283,
    "arithmetic_zh": 0.9691256284713745,
    "comparison": 0.6837249994277954,
    "contrastive": 0.860139012336731,
    "grounded_causal": 0.7476382255554199,
    "identity": 0.7316351532936096,
    "rule_application": 0.8785949945449829,
    "sequence": 0.7516178488731384,
    "successor": 0.7218020558357239,
    "zero": 0.7624930143356323
  },
  "similarity_after": {
    "arithmetic": 0.6235547065734863,
    "arithmetic_de": 0.6897814869880676,
    "arithmetic_grounded": 0.4583357274532318,
    "arithmetic_jp": 0.7809997200965881,
    "arithmetic_para": 0.2165565937757492,
    "arithmetic_zh": 0.8945310711860657,
    "comparison": 0.15549208223819733,
    "contrastive": 0.6965323686599731,
    "grounded_causal": 0.22208581864833832,
    "identity": 0.16576093435287476,
    "rule_application": 0.7815541625022888,
    "sequence": 0.3707522451877594,
    "successor": 0.20471937954425812,
    "zero": 0.30757835507392883
  }
}