{
  "hub_threshold": 0.7,
  "n_categories": 16,
  "dim": 196608,
  "n_hubs": 2208,
  "n_semantic": 1585,
  "n_silent": 188788,
  "hub_pct": 0.01123046875,
  "layer_head_hubs": {
    "L0H0": 50,
    "L0H1": 46,
    "L0H2": 41,
    "L0H3": 59,
    "L1H0": 20,
    "L1H1": 18,
    "L1H2": 19,
    "L1H3": 41,
    "L2H0": 45,
    "L2H1": 38,
    "L2H2": 37,
    "L2H3": 57,
    "L3H0": 106,
    "L3H1": 72,
    "L3H2": 99,
    "L3H3": 61,
    "L4H0": 202,
    "L4H1": 70,
    "L4H2": 104,
    "L4H3": 102,
    "L5H0": 283,
    "L5H1": 179,
    "L5H2": 301,
    "L5H3": 158
  },
  "similarity_before": {
    "abstract": 0.9754530191421509,
    "animals": 0.9814507961273193,
    "animals_boolean": 0.9509197473526001,
    "arithmetic": 0.7897939085960388,
    "boundary": 0.9452958106994629,
    "cognitive": 0.9119256138801575,
    "emotions": 0.9816312193870544,
    "emotions_boolean": 0.9690018892288208,
    "emotions_boundary": 0.9479894638061523,
    "grammar": 0.7398313879966736,
    "movement": 0.9048494696617126,
    "multilingual": 0.7729091644287109,
    "objects": 0.979274570941925,
    "spatial": 0.7585588097572327,
    "time": 0.8087029457092285,
    "vehicles": 0.9845907092094421
  },
  "similarity_after": {
    "abstract": 0.5517793893814087,
    "animals": 0.717157244682312,
    "animals_boolean": 0.6798630952835083,
    "arithmetic": 0.15862491726875305,
    "boundary": 0.7068829536437988,
    "cognitive": 0.39070963859558105,
    "emotions": 0.7822339534759521,
    "emotions_boolean": 0.6719257831573486,
    "emotions_boundary": 0.4138786792755127,
    "grammar": 0.20703503489494324,
    "movement": 0.38461175560951233,
    "multilingual": 0.2101236879825592,
    "objects": 0.6511486768722534,
    "spatial": 0.11499365419149399,
    "time": 0.20654036104679108,
    "vehicles": 0.8257609605789185
  }
}