{
  "hub_threshold": 0.7,
  "n_categories": 16,
  "dim": 196608,
  "n_hubs": 2420,
  "n_semantic": 3317,
  "n_silent": 183310,
  "hub_pct": 0.012308756510416666,
  "layer_head_hubs": {
    "L0H0": 75,
    "L0H1": 22,
    "L0H2": 28,
    "L0H3": 61,
    "L1H0": 40,
    "L1H1": 19,
    "L1H2": 26,
    "L1H3": 131,
    "L2H0": 45,
    "L2H1": 43,
    "L2H2": 67,
    "L2H3": 125,
    "L3H0": 82,
    "L3H1": 79,
    "L3H2": 196,
    "L3H3": 102,
    "L4H0": 130,
    "L4H1": 127,
    "L4H2": 189,
    "L4H3": 113,
    "L5H0": 187,
    "L5H1": 148,
    "L5H2": 242,
    "L5H3": 143
  },
  "similarity_before": {
    "abstract": 0.8226685523986816,
    "animals": 0.9293962121009827,
    "animals_boolean": 0.8708762526512146,
    "arithmetic": 0.6541392207145691,
    "boundary": 0.9111292362213135,
    "cognitive": 0.7533004283905029,
    "emotions": 0.8840978145599365,
    "emotions_boolean": 0.8952988982200623,
    "emotions_boundary": 0.8537183403968811,
    "grammar": 0.6855722665786743,
    "movement": 0.8537096977233887,
    "multilingual": 0.707512378692627,
    "objects": 0.9387383460998535,
    "spatial": 0.701408326625824,
    "time": 0.6708247065544128,
    "vehicles": 0.9331573247909546
  },
  "similarity_after": {
    "abstract": 0.39442071318626404,
    "animals": 0.7440283894538879,
    "animals_boolean": 0.5186448693275452,
    "arithmetic": 0.18442586064338684,
    "boundary": 0.7093035578727722,
    "cognitive": 0.3509451150894165,
    "emotions": 0.5713015198707581,
    "emotions_boolean": 0.7290672659873962,
    "emotions_boundary": 0.46544966101646423,
    "grammar": 0.27633529901504517,
    "movement": 0.5134148001670837,
    "multilingual": 0.24721527099609375,
    "objects": 0.8139749765396118,
    "spatial": 0.17916879057884216,
    "time": 0.16657468676567078,
    "vehicles": 0.7954307794570923
  }
}