{
  "hub_threshold": 0.7,
  "n_categories": 16,
  "dim": 196608,
  "n_hubs": 3903,
  "n_semantic": 1285,
  "n_silent": 187876,
  "hub_pct": 0.0198516845703125,
  "layer_head_hubs": {
    "L0H0": 122,
    "L0H1": 50,
    "L0H2": 49,
    "L0H3": 144,
    "L1H0": 100,
    "L1H1": 44,
    "L1H2": 46,
    "L1H3": 124,
    "L2H0": 142,
    "L2H1": 63,
    "L2H2": 80,
    "L2H3": 162,
    "L3H0": 169,
    "L3H1": 101,
    "L3H2": 161,
    "L3H3": 154,
    "L4H0": 235,
    "L4H1": 196,
    "L4H2": 240,
    "L4H3": 178,
    "L5H0": 340,
    "L5H1": 320,
    "L5H2": 415,
    "L5H3": 268
  },
  "similarity_before": {
    "abstract": 0.9945524334907532,
    "animals": 0.9969364404678345,
    "animals_boolean": 0.9935011863708496,
    "arithmetic": 0.968174159526825,
    "boundary": 0.9935680031776428,
    "cognitive": 0.9942516088485718,
    "emotions": 0.9956867694854736,
    "emotions_boolean": 0.9950510859489441,
    "emotions_boundary": 0.9890554547309875,
    "grammar": 0.9654332399368286,
    "movement": 0.9905270934104919,
    "multilingual": 0.9743607640266418,
    "objects": 0.9970200657844543,
    "spatial": 0.9719918966293335,
    "time": 0.9743394255638123,
    "vehicles": 0.9969976544380188
  },
  "similarity_after": {
    "abstract": 0.5443866848945618,
    "animals": 0.6004276871681213,
    "animals_boolean": 0.4251154661178589,
    "arithmetic": 0.24789142608642578,
    "boundary": 0.48502326011657715,
    "cognitive": 0.7148089408874512,
    "emotions": 0.7037584781646729,
    "emotions_boolean": 0.715394914150238,
    "emotions_boundary": 0.395792692899704,
    "grammar": 0.26875534653663635,
    "movement": 0.48827099800109863,
    "multilingual": 0.28679952025413513,
    "objects": 0.7683486342430115,
    "spatial": 0.16822458803653717,
    "time": 0.29683223366737366,
    "vehicles": 0.817206859588623
  }
}