{
  "hub_threshold": 0.7,
  "n_categories": 14,
  "dim": 196608,
  "n_hubs": 2966,
  "n_semantic": 4325,
  "n_silent": 179104,
  "hub_pct": 0.015085856119791666,
  "layer_head_hubs": {
    "L0H0": 52,
    "L0H1": 31,
    "L0H2": 30,
    "L0H3": 51,
    "L1H0": 44,
    "L1H1": 23,
    "L1H2": 25,
    "L1H3": 66,
    "L2H0": 85,
    "L2H1": 44,
    "L2H2": 48,
    "L2H3": 106,
    "L3H0": 574,
    "L3H1": 93,
    "L3H2": 87,
    "L3H3": 166,
    "L4H0": 174,
    "L4H1": 120,
    "L4H2": 168,
    "L4H3": 79,
    "L5H0": 540,
    "L5H1": 92,
    "L5H2": 177,
    "L5H3": 91
  },
  "similarity_before": {
    "arithmetic": 0.9645569324493408,
    "arithmetic_de": 0.9786511063575745,
    "arithmetic_grounded": 0.8979531526565552,
    "arithmetic_jp": 0.9924706220626831,
    "arithmetic_para": 0.8781304359436035,
    "arithmetic_zh": 0.9886568188667297,
    "comparison": 0.8610270023345947,
    "contrastive": 0.896368682384491,
    "grounded_causal": 0.8061887621879578,
    "identity": 0.8691257834434509,
    "rule_application": 0.8826978802680969,
    "sequence": 0.8618158102035522,
    "successor": 0.8516038656234741,
    "zero": 0.8834236264228821
  },
  "similarity_after": {
    "arithmetic": 0.6774740815162659,
    "arithmetic_de": 0.8717077970504761,
    "arithmetic_grounded": 0.48560142517089844,
    "arithmetic_jp": 0.9539376497268677,
    "arithmetic_para": 0.3824438750743866,
    "arithmetic_zh": 0.9596930742263794,
    "comparison": 0.215285062789917,
    "contrastive": 0.6147168874740601,
    "grounded_causal": 0.1747714877128601,
    "identity": 0.19583994150161743,
    "rule_application": 0.6551820039749146,
    "sequence": 0.47180140018463135,
    "successor": 0.22284354269504547,
    "zero": 0.3646755516529083
  }
}