{
  "hub_threshold": 0.7,
  "n_categories": 16,
  "dim": 196608,
  "n_hubs": 3740,
  "n_semantic": 1117,
  "n_silent": 188129,
  "hub_pct": 0.019022623697916668,
  "layer_head_hubs": {
    "L0H0": 67,
    "L0H1": 33,
    "L0H2": 36,
    "L0H3": 78,
    "L1H0": 94,
    "L1H1": 41,
    "L1H2": 33,
    "L1H3": 97,
    "L2H0": 181,
    "L2H1": 66,
    "L2H2": 74,
    "L2H3": 153,
    "L3H0": 245,
    "L3H1": 125,
    "L3H2": 151,
    "L3H3": 178,
    "L4H0": 329,
    "L4H1": 152,
    "L4H2": 256,
    "L4H3": 181,
    "L5H0": 415,
    "L5H1": 196,
    "L5H2": 316,
    "L5H3": 243
  },
  "similarity_before": {
    "abstract": 0.992184042930603,
    "animals": 0.996891438961029,
    "animals_boolean": 0.9841467142105103,
    "arithmetic": 0.75896155834198,
    "boundary": 0.9862275123596191,
    "cognitive": 0.9894922375679016,
    "emotions": 0.9947282075881958,
    "emotions_boolean": 0.994775652885437,
    "emotions_boundary": 0.9845325350761414,
    "grammar": 0.7823604941368103,
    "movement": 0.9778478741645813,
    "multilingual": 0.7544769644737244,
    "objects": 0.996232807636261,
    "spatial": 0.8134721517562866,
    "time": 0.7895799279212952,
    "vehicles": 0.9972039461135864
  },
  "similarity_after": {
    "abstract": 0.39788052439689636,
    "animals": 0.7612063884735107,
    "animals_boolean": 0.6519688367843628,
    "arithmetic": 0.1845162957906723,
    "boundary": 0.5203110575675964,
    "cognitive": 0.5347474813461304,
    "emotions": 0.5324686765670776,
    "emotions_boolean": 0.9155389070510864,
    "emotions_boundary": 0.32963645458221436,
    "grammar": 0.2740090489387512,
    "movement": 0.433417946100235,
    "multilingual": 0.28414198756217957,
    "objects": 0.7371047735214233,
    "spatial": 0.18770021200180054,
    "time": 0.2451256811618805,
    "vehicles": 0.8414157032966614
  }
}