{
  "hub_threshold": 0.7,
  "n_categories": 16,
  "dim": 196608,
  "n_hubs": 2438,
  "n_semantic": 2360,
  "n_silent": 185787,
  "hub_pct": 0.012400309244791666,
  "layer_head_hubs": {
    "L0H0": 64,
    "L0H1": 20,
    "L0H2": 34,
    "L0H3": 73,
    "L1H0": 30,
    "L1H1": 20,
    "L1H2": 26,
    "L1H3": 123,
    "L2H0": 38,
    "L2H1": 51,
    "L2H2": 76,
    "L2H3": 119,
    "L3H0": 79,
    "L3H1": 136,
    "L3H2": 180,
    "L3H3": 108,
    "L4H0": 103,
    "L4H1": 153,
    "L4H2": 213,
    "L4H3": 107,
    "L5H0": 163,
    "L5H1": 174,
    "L5H2": 231,
    "L5H3": 117
  },
  "similarity_before": {
    "abstract": 0.6683871746063232,
    "animals": 0.9220824241638184,
    "animals_boolean": 0.9558908343315125,
    "arithmetic": 0.795009434223175,
    "boundary": 0.9626708030700684,
    "cognitive": 0.954986572265625,
    "emotions": 0.7747231125831604,
    "emotions_boolean": 0.9496636986732483,
    "emotions_boundary": 0.9372345805168152,
    "grammar": 0.7549312710762024,
    "movement": 0.9559565186500549,
    "multilingual": 0.6381160616874695,
    "objects": 0.9357651472091675,
    "spatial": 0.7696117162704468,
    "time": 0.7840200066566467,
    "vehicles": 0.9303377270698547
  },
  "similarity_after": {
    "abstract": 0.33563628792762756,
    "animals": 0.7748628258705139,
    "animals_boolean": 0.40642407536506653,
    "arithmetic": 0.18359720706939697,
    "boundary": 0.41630658507347107,
    "cognitive": 0.5141053199768066,
    "emotions": 0.6064969301223755,
    "emotions_boolean": 0.7460591197013855,
    "emotions_boundary": 0.30684494972229004,
    "grammar": 0.2652786076068878,
    "movement": 0.44788748025894165,
    "multilingual": 0.26355060935020447,
    "objects": 0.8183125257492065,
    "spatial": 0.14881330728530884,
    "time": 0.19740919768810272,
    "vehicles": 0.8267134428024292
  }
}