{
  "hub_threshold": 0.7,
  "n_categories": 14,
  "dim": 196608,
  "n_hubs": 1536,
  "n_semantic": 1762,
  "n_silent": 189423,
  "hub_pct": 0.0078125,
  "layer_head_hubs": {
    "L0H0": 39,
    "L0H1": 46,
    "L0H2": 31,
    "L0H3": 37,
    "L1H0": 40,
    "L1H1": 32,
    "L1H2": 24,
    "L1H3": 36,
    "L2H0": 44,
    "L2H1": 51,
    "L2H2": 49,
    "L2H3": 40,
    "L3H0": 59,
    "L3H1": 82,
    "L3H2": 67,
    "L3H3": 27,
    "L4H0": 174,
    "L4H1": 119,
    "L4H2": 77,
    "L4H3": 34,
    "L5H0": 163,
    "L5H1": 131,
    "L5H2": 91,
    "L5H3": 43
  },
  "similarity_before": {
    "arithmetic": 0.9943202137947083,
    "arithmetic_de": 0.9936051964759827,
    "arithmetic_grounded": 0.9156649708747864,
    "arithmetic_jp": 0.9943676590919495,
    "arithmetic_para": 0.9699829816818237,
    "arithmetic_zh": 0.9939619302749634,
    "comparison": 0.8275182247161865,
    "contrastive": 0.9635319709777832,
    "grounded_causal": 0.8831367492675781,
    "identity": 0.8491744995117188,
    "rule_application": 0.9634807705879211,
    "sequence": 0.9277540445327759,
    "successor": 0.8920198082923889,
    "zero": 0.8598763346672058
  },
  "similarity_after": {
    "arithmetic": 0.9061928391456604,
    "arithmetic_de": 0.9205234050750732,
    "arithmetic_grounded": 0.5170682668685913,
    "arithmetic_jp": 0.9801212549209595,
    "arithmetic_para": 0.33695366978645325,
    "arithmetic_zh": 0.9599279761314392,
    "comparison": 0.32820072770118713,
    "contrastive": 0.6425231099128723,
    "grounded_causal": 0.2388380616903305,
    "identity": 0.3482903838157654,
    "rule_application": 0.6488475799560547,
    "sequence": 0.5389319062232971,
    "successor": 0.15555958449840546,
    "zero": 0.34669655561447144
  }
}