{
  "hub_threshold": 0.7,
  "n_categories": 14,
  "dim": 196608,
  "n_hubs": 2168,
  "n_semantic": 3391,
  "n_silent": 183977,
  "hub_pct": 0.011027018229166666,
  "layer_head_hubs": {
    "L0H0": 58,
    "L0H1": 69,
    "L0H2": 50,
    "L0H3": 83,
    "L1H0": 71,
    "L1H1": 69,
    "L1H2": 44,
    "L1H3": 33,
    "L2H0": 100,
    "L2H1": 120,
    "L2H2": 93,
    "L2H3": 21,
    "L3H0": 84,
    "L3H1": 184,
    "L3H2": 112,
    "L3H3": 33,
    "L4H0": 91,
    "L4H1": 174,
    "L4H2": 116,
    "L4H3": 62,
    "L5H0": 127,
    "L5H1": 168,
    "L5H2": 130,
    "L5H3": 76
  },
  "similarity_before": {
    "arithmetic": 0.9932304620742798,
    "arithmetic_de": 0.994503378868103,
    "arithmetic_grounded": 0.9371062517166138,
    "arithmetic_jp": 0.9951522946357727,
    "arithmetic_para": 0.9759109020233154,
    "arithmetic_zh": 0.9953135251998901,
    "comparison": 0.8974910378456116,
    "contrastive": 0.9724935293197632,
    "grounded_causal": 0.9396334290504456,
    "identity": 0.8998482823371887,
    "rule_application": 0.9835056066513062,
    "sequence": 0.9564102292060852,
    "successor": 0.9275639057159424,
    "zero": 0.9037073254585266
  },
  "similarity_after": {
    "arithmetic": 0.7809098958969116,
    "arithmetic_de": 0.90373694896698,
    "arithmetic_grounded": 0.39199352264404297,
    "arithmetic_jp": 0.9670960903167725,
    "arithmetic_para": 0.3247950077056885,
    "arithmetic_zh": 0.93629390001297,
    "comparison": 0.19211360812187195,
    "contrastive": 0.6333232522010803,
    "grounded_causal": 0.2296387106180191,
    "identity": 0.19842331111431122,
    "rule_application": 0.728495717048645,
    "sequence": 0.534846305847168,
    "successor": 0.1870862990617752,
    "zero": 0.3396347463130951
  }
}