{
  "hub_threshold": 0.7,
  "n_categories": 16,
  "dim": 196608,
  "n_hubs": 3686,
  "n_semantic": 2059,
  "n_silent": 185473,
  "hub_pct": 0.018747965494791668,
  "layer_head_hubs": {
    "L0H0": 79,
    "L0H1": 40,
    "L0H2": 34,
    "L0H3": 60,
    "L1H0": 106,
    "L1H1": 38,
    "L1H2": 34,
    "L1H3": 88,
    "L2H0": 201,
    "L2H1": 87,
    "L2H2": 86,
    "L2H3": 111,
    "L3H0": 239,
    "L3H1": 147,
    "L3H2": 188,
    "L3H3": 140,
    "L4H0": 315,
    "L4H1": 165,
    "L4H2": 236,
    "L4H3": 132,
    "L5H0": 410,
    "L5H1": 228,
    "L5H2": 332,
    "L5H3": 190
  },
  "similarity_before": {
    "abstract": 0.9868239164352417,
    "animals": 0.9932758808135986,
    "animals_boolean": 0.9778288006782532,
    "arithmetic": 0.7047761082649231,
    "boundary": 0.9740468859672546,
    "cognitive": 0.986907958984375,
    "emotions": 0.9908973574638367,
    "emotions_boolean": 0.9878819584846497,
    "emotions_boundary": 0.967532217502594,
    "grammar": 0.7331100702285767,
    "movement": 0.9676027894020081,
    "multilingual": 0.7235850691795349,
    "objects": 0.9932564496994019,
    "spatial": 0.7819616198539734,
    "time": 0.7478073835372925,
    "vehicles": 0.9939635396003723
  },
  "similarity_after": {
    "abstract": 0.4352351129055023,
    "animals": 0.7998297810554504,
    "animals_boolean": 0.5775784254074097,
    "arithmetic": 0.15461888909339905,
    "boundary": 0.595413863658905,
    "cognitive": 0.7015677690505981,
    "emotions": 0.5189465284347534,
    "emotions_boolean": 0.777778148651123,
    "emotions_boundary": 0.3061623275279999,
    "grammar": 0.210242360830307,
    "movement": 0.38535863161087036,
    "multilingual": 0.25572624802589417,
    "objects": 0.7920132875442505,
    "spatial": 0.21780800819396973,
    "time": 0.216088205575943,
    "vehicles": 0.8397725820541382
  }
}