{
  "hub_threshold": 0.7,
  "n_categories": 14,
  "dim": 196608,
  "n_hubs": 3196,
  "n_semantic": 2106,
  "n_silent": 185707,
  "hub_pct": 0.016255696614583332,
  "layer_head_hubs": {
    "L0H0": 71,
    "L0H1": 38,
    "L0H2": 39,
    "L0H3": 70,
    "L1H0": 107,
    "L1H1": 42,
    "L1H2": 33,
    "L1H3": 82,
    "L2H0": 180,
    "L2H1": 85,
    "L2H2": 87,
    "L2H3": 126,
    "L3H0": 213,
    "L3H1": 141,
    "L3H2": 175,
    "L3H3": 134,
    "L4H0": 221,
    "L4H1": 160,
    "L4H2": 212,
    "L4H3": 142,
    "L5H0": 239,
    "L5H1": 184,
    "L5H2": 253,
    "L5H3": 162
  },
  "similarity_before": {
    "arithmetic": 0.9923145771026611,
    "arithmetic_de": 0.9910771250724792,
    "arithmetic_grounded": 0.9690473675727844,
    "arithmetic_jp": 0.999003529548645,
    "arithmetic_para": 0.9728443622589111,
    "arithmetic_zh": 0.9981966614723206,
    "comparison": 0.8135711550712585,
    "contrastive": 0.9692178964614868,
    "grounded_causal": 0.7530091404914856,
    "identity": 0.7515963912010193,
    "rule_application": 0.9648624658584595,
    "sequence": 0.8397226929664612,
    "successor": 0.7553937435150146,
    "zero": 0.7580545544624329
  },
  "similarity_after": {
    "arithmetic": 0.9188519716262817,
    "arithmetic_de": 0.9133656024932861,
    "arithmetic_grounded": 0.5403958559036255,
    "arithmetic_jp": 0.9986170530319214,
    "arithmetic_para": 0.5144006609916687,
    "arithmetic_zh": 0.9946355819702148,
    "comparison": 0.2997239828109741,
    "contrastive": 0.9185541868209839,
    "grounded_causal": 0.26159200072288513,
    "identity": 0.24842214584350586,
    "rule_application": 0.8704999685287476,
    "sequence": 0.6331788897514343,
    "successor": 0.18954510986804962,
    "zero": 0.34681838750839233
  }
}