{
  "hub_threshold": 0.7,
  "n_categories": 16,
  "dim": 196608,
  "n_hubs": 2012,
  "n_semantic": 2838,
  "n_silent": 186715,
  "hub_pct": 0.010233561197916666,
  "layer_head_hubs": {
    "L0H0": 58,
    "L0H1": 70,
    "L0H2": 48,
    "L0H3": 66,
    "L1H0": 75,
    "L1H1": 74,
    "L1H2": 50,
    "L1H3": 31,
    "L2H0": 101,
    "L2H1": 107,
    "L2H2": 97,
    "L2H3": 26,
    "L3H0": 92,
    "L3H1": 142,
    "L3H2": 121,
    "L3H3": 38,
    "L4H0": 95,
    "L4H1": 141,
    "L4H2": 92,
    "L4H3": 62,
    "L5H0": 121,
    "L5H1": 125,
    "L5H2": 107,
    "L5H3": 73
  },
  "similarity_before": {
    "abstract": 0.9915456771850586,
    "animals": 0.9942721724510193,
    "animals_boolean": 0.9805582761764526,
    "arithmetic": 0.9421695470809937,
    "boundary": 0.9773862957954407,
    "cognitive": 0.9937325716018677,
    "emotions": 0.9956143498420715,
    "emotions_boolean": 0.9909155964851379,
    "emotions_boundary": 0.9781665802001953,
    "grammar": 0.9440901875495911,
    "movement": 0.9795550107955933,
    "multilingual": 0.9266563653945923,
    "objects": 0.9951580166816711,
    "spatial": 0.9513674974441528,
    "time": 0.9340083599090576,
    "vehicles": 0.9966334104537964
  },
  "similarity_after": {
    "abstract": 0.46773457527160645,
    "animals": 0.5660141706466675,
    "animals_boolean": 0.38396069407463074,
    "arithmetic": 0.13952304422855377,
    "boundary": 0.2688075304031372,
    "cognitive": 0.7998486757278442,
    "emotions": 0.6697736978530884,
    "emotions_boolean": 0.8184291124343872,
    "emotions_boundary": 0.36606988310813904,
    "grammar": 0.3079042136669159,
    "movement": 0.5526787638664246,
    "multilingual": 0.20104609429836273,
    "objects": 0.6739249229431152,
    "spatial": 0.13533146679401398,
    "time": 0.2232917845249176,
    "vehicles": 0.6980213522911072
  }
}