{
  "hub_threshold": 0.7,
  "n_categories": 14,
  "dim": 196608,
  "n_hubs": 1991,
  "n_semantic": 3043,
  "n_silent": 185878,
  "hub_pct": 0.010126749674479166,
  "layer_head_hubs": {
    "L0H0": 74,
    "L0H1": 56,
    "L0H2": 52,
    "L0H3": 80,
    "L1H0": 38,
    "L1H1": 34,
    "L1H2": 31,
    "L1H3": 44,
    "L2H0": 63,
    "L2H1": 51,
    "L2H2": 56,
    "L2H3": 31,
    "L3H0": 98,
    "L3H1": 110,
    "L3H2": 125,
    "L3H3": 49,
    "L4H0": 141,
    "L4H1": 145,
    "L4H2": 103,
    "L4H3": 58,
    "L5H0": 191,
    "L5H1": 154,
    "L5H2": 118,
    "L5H3": 89
  },
  "similarity_before": {
    "arithmetic": 0.9927711486816406,
    "arithmetic_de": 0.9930276274681091,
    "arithmetic_grounded": 0.9387063980102539,
    "arithmetic_jp": 0.9970737099647522,
    "arithmetic_para": 0.9795145392417908,
    "arithmetic_zh": 0.9947711825370789,
    "comparison": 0.8819295167922974,
    "contrastive": 0.976481556892395,
    "grounded_causal": 0.9304316639900208,
    "identity": 0.8839796781539917,
    "rule_application": 0.9819463491439819,
    "sequence": 0.953054666519165,
    "successor": 0.9298047423362732,
    "zero": 0.8855758905410767
  },
  "similarity_after": {
    "arithmetic": 0.8013607263565063,
    "arithmetic_de": 0.8927028179168701,
    "arithmetic_grounded": 0.37903717160224915,
    "arithmetic_jp": 0.9872239232063293,
    "arithmetic_para": 0.34773945808410645,
    "arithmetic_zh": 0.9625709652900696,
    "comparison": 0.19322487711906433,
    "contrastive": 0.8410179018974304,
    "grounded_causal": 0.20175200700759888,
    "identity": 0.15470774471759796,
    "rule_application": 0.7275148034095764,
    "sequence": 0.5220676064491272,
    "successor": 0.1961454451084137,
    "zero": 0.32965755462646484
  }
}