{
  "hub_threshold": 0.7,
  "n_categories": 16,
  "dim": 196608,
  "n_hubs": 3373,
  "n_semantic": 3836,
  "n_silent": 180217,
  "hub_pct": 0.017155965169270832,
  "layer_head_hubs": {
    "L0H0": 53,
    "L0H1": 33,
    "L0H2": 29,
    "L0H3": 46,
    "L1H0": 44,
    "L1H1": 24,
    "L1H2": 22,
    "L1H3": 67,
    "L2H0": 92,
    "L2H1": 42,
    "L2H2": 52,
    "L2H3": 104,
    "L3H0": 745,
    "L3H1": 94,
    "L3H2": 96,
    "L3H3": 158,
    "L4H0": 180,
    "L4H1": 125,
    "L4H2": 199,
    "L4H3": 73,
    "L5H0": 493,
    "L5H1": 163,
    "L5H2": 297,
    "L5H3": 142
  },
  "similarity_before": {
    "abstract": 0.9680294990539551,
    "animals": 0.9613518714904785,
    "animals_boolean": 0.88970947265625,
    "arithmetic": 0.844340443611145,
    "boundary": 0.909715473651886,
    "cognitive": 0.9508665204048157,
    "emotions": 0.9483985900878906,
    "emotions_boolean": 0.9524407386779785,
    "emotions_boundary": 0.9148628115653992,
    "grammar": 0.8147531747817993,
    "movement": 0.9086539149284363,
    "multilingual": 0.8813228011131287,
    "objects": 0.9679171442985535,
    "spatial": 0.8487570285797119,
    "time": 0.8544940948486328,
    "vehicles": 0.9728086590766907
  },
  "similarity_after": {
    "abstract": 0.39723509550094604,
    "animals": 0.47804519534111023,
    "animals_boolean": 0.34991297125816345,
    "arithmetic": 0.12852366268634796,
    "boundary": 0.2700731158256531,
    "cognitive": 0.4797030985355377,
    "emotions": 0.45786821842193604,
    "emotions_boolean": 0.5835688710212708,
    "emotions_boundary": 0.29762277007102966,
    "grammar": 0.21124079823493958,
    "movement": 0.3023446500301361,
    "multilingual": 0.22662509977817535,
    "objects": 0.5153599381446838,
    "spatial": 0.25253838300704956,
    "time": 0.16139289736747742,
    "vehicles": 0.6353864669799805
  }
}