{
  "hub_threshold": 0.7,
  "n_categories": 16,
  "dim": 196608,
  "n_hubs": 3086,
  "n_semantic": 3573,
  "n_silent": 182029,
  "hub_pct": 0.015696207682291668,
  "layer_head_hubs": {
    "L0H0": 74,
    "L0H1": 45,
    "L0H2": 36,
    "L0H3": 102,
    "L1H0": 80,
    "L1H1": 35,
    "L1H2": 27,
    "L1H3": 121,
    "L2H0": 245,
    "L2H1": 68,
    "L2H2": 65,
    "L2H3": 262,
    "L3H0": 263,
    "L3H1": 125,
    "L3H2": 129,
    "L3H3": 182,
    "L4H0": 184,
    "L4H1": 133,
    "L4H2": 148,
    "L4H3": 101,
    "L5H0": 188,
    "L5H1": 155,
    "L5H2": 204,
    "L5H3": 114
  },
  "similarity_before": {
    "abstract": 0.9849869608879089,
    "animals": 0.9864314794540405,
    "animals_boolean": 0.9757481813430786,
    "arithmetic": 0.9259002208709717,
    "boundary": 0.9763831496238708,
    "cognitive": 0.9800968170166016,
    "emotions": 0.9886184334754944,
    "emotions_boolean": 0.9814709424972534,
    "emotions_boundary": 0.9648496508598328,
    "grammar": 0.9195540547370911,
    "movement": 0.9648120403289795,
    "multilingual": 0.9371128082275391,
    "objects": 0.9892527461051941,
    "spatial": 0.928256630897522,
    "time": 0.9314795732498169,
    "vehicles": 0.9883342981338501
  },
  "similarity_after": {
    "abstract": 0.32660895586013794,
    "animals": 0.5791455507278442,
    "animals_boolean": 0.4250424802303314,
    "arithmetic": 0.1634836047887802,
    "boundary": 0.37107762694358826,
    "cognitive": 0.6749587059020996,
    "emotions": 0.53982013463974,
    "emotions_boolean": 0.5214462876319885,
    "emotions_boundary": 0.29534751176834106,
    "grammar": 0.26062098145484924,
    "movement": 0.3287114202976227,
    "multilingual": 0.19777074456214905,
    "objects": 0.5676340460777283,
    "spatial": 0.17100778222084045,
    "time": 0.19754241406917572,
    "vehicles": 0.594904899597168
  }
}