{
  "hub_threshold": 0.7,
  "n_categories": 16,
  "dim": 196608,
  "n_hubs": 2121,
  "n_semantic": 1000,
  "n_silent": 190644,
  "hub_pct": 0.0107879638671875,
  "layer_head_hubs": {
    "L0H0": 69,
    "L0H1": 36,
    "L0H2": 44,
    "L0H3": 76,
    "L1H0": 35,
    "L1H1": 12,
    "L1H2": 20,
    "L1H3": 106,
    "L2H0": 69,
    "L2H1": 68,
    "L2H2": 62,
    "L2H3": 96,
    "L3H0": 107,
    "L3H1": 114,
    "L3H2": 97,
    "L3H3": 90,
    "L4H0": 121,
    "L4H1": 142,
    "L4H2": 109,
    "L4H3": 106,
    "L5H0": 138,
    "L5H1": 152,
    "L5H2": 147,
    "L5H3": 105
  },
  "similarity_before": {
    "abstract": 0.9678627252578735,
    "animals": 0.9785864353179932,
    "animals_boolean": 0.9713584780693054,
    "arithmetic": 0.9200811982154846,
    "boundary": 0.9672768712043762,
    "cognitive": 0.967449963092804,
    "emotions": 0.9718228578567505,
    "emotions_boolean": 0.9753713011741638,
    "emotions_boundary": 0.9530531764030457,
    "grammar": 0.9163845181465149,
    "movement": 0.9674143195152283,
    "multilingual": 0.8856857419013977,
    "objects": 0.9789754748344421,
    "spatial": 0.9356136322021484,
    "time": 0.9239486455917358,
    "vehicles": 0.973303496837616
  },
  "similarity_after": {
    "abstract": 0.3723507523536682,
    "animals": 0.7804308533668518,
    "animals_boolean": 0.5198438167572021,
    "arithmetic": 0.20501995086669922,
    "boundary": 0.45101162791252136,
    "cognitive": 0.6493281126022339,
    "emotions": 0.6453670263290405,
    "emotions_boolean": 0.7176578044891357,
    "emotions_boundary": 0.217670738697052,
    "grammar": 0.31875962018966675,
    "movement": 0.4268539547920227,
    "multilingual": 0.26184552907943726,
    "objects": 0.8081896901130676,
    "spatial": 0.19613677263259888,
    "time": 0.317899227142334,
    "vehicles": 0.7588843107223511
  }
}