{
  "hub_threshold": 0.7,
  "n_categories": 14,
  "dim": 196608,
  "n_hubs": 4150,
  "n_semantic": 2382,
  "n_silent": 184144,
  "hub_pct": 0.021107991536458332,
  "layer_head_hubs": {
    "L0H0": 117,
    "L0H1": 44,
    "L0H2": 47,
    "L0H3": 262,
    "L1H0": 113,
    "L1H1": 44,
    "L1H2": 53,
    "L1H3": 259,
    "L2H0": 163,
    "L2H1": 72,
    "L2H2": 106,
    "L2H3": 297,
    "L3H0": 168,
    "L3H1": 127,
    "L3H2": 166,
    "L3H3": 213,
    "L4H0": 180,
    "L4H1": 174,
    "L4H2": 207,
    "L4H3": 343,
    "L5H0": 211,
    "L5H1": 246,
    "L5H2": 282,
    "L5H3": 256
  },
  "similarity_before": {
    "arithmetic": 0.9959437847137451,
    "arithmetic_de": 0.995759904384613,
    "arithmetic_grounded": 0.9733439683914185,
    "arithmetic_jp": 0.9977980852127075,
    "arithmetic_para": 0.9699100255966187,
    "arithmetic_zh": 0.9978234767913818,
    "comparison": 0.9584572911262512,
    "contrastive": 0.990240752696991,
    "grounded_causal": 0.9564538598060608,
    "identity": 0.9521669149398804,
    "rule_application": 0.983688235282898,
    "sequence": 0.9766432642936707,
    "successor": 0.960192084312439,
    "zero": 0.9721897840499878
  },
  "similarity_after": {
    "arithmetic": 0.8209912776947021,
    "arithmetic_de": 0.9337812662124634,
    "arithmetic_grounded": 0.7227056622505188,
    "arithmetic_jp": 0.9439197778701782,
    "arithmetic_para": 0.4084623456001282,
    "arithmetic_zh": 0.9728466272354126,
    "comparison": 0.27290305495262146,
    "contrastive": 0.6649013757705688,
    "grounded_causal": 0.19989971816539764,
    "identity": 0.16447637975215912,
    "rule_application": 0.6476508378982544,
    "sequence": 0.5285005569458008,
    "successor": 0.23207847774028778,
    "zero": 0.40421104431152344
  }
}