{
  "hub_threshold": 0.7,
  "n_categories": 16,
  "dim": 196608,
  "n_hubs": 3474,
  "n_semantic": 1612,
  "n_silent": 186848,
  "hub_pct": 0.017669677734375,
  "layer_head_hubs": {
    "L0H0": 73,
    "L0H1": 40,
    "L0H2": 38,
    "L0H3": 71,
    "L1H0": 107,
    "L1H1": 40,
    "L1H2": 31,
    "L1H3": 87,
    "L2H0": 203,
    "L2H1": 79,
    "L2H2": 83,
    "L2H3": 129,
    "L3H0": 261,
    "L3H1": 121,
    "L3H2": 167,
    "L3H3": 135,
    "L4H0": 321,
    "L4H1": 139,
    "L4H2": 217,
    "L4H3": 143,
    "L5H0": 363,
    "L5H1": 177,
    "L5H2": 287,
    "L5H3": 162
  },
  "similarity_before": {
    "abstract": 0.9879140853881836,
    "animals": 0.9944406151771545,
    "animals_boolean": 0.9790536761283875,
    "arithmetic": 0.716762125492096,
    "boundary": 0.9777266383171082,
    "cognitive": 0.9879246950149536,
    "emotions": 0.9915700554847717,
    "emotions_boolean": 0.9892827868461609,
    "emotions_boundary": 0.9746281504631042,
    "grammar": 0.7341722249984741,
    "movement": 0.9751772284507751,
    "multilingual": 0.7257609367370605,
    "objects": 0.9942001104354858,
    "spatial": 0.777891218662262,
    "time": 0.7630370259284973,
    "vehicles": 0.9951602816581726
  },
  "similarity_after": {
    "abstract": 0.3638664782047272,
    "animals": 0.5925701856613159,
    "animals_boolean": 0.5106875896453857,
    "arithmetic": 0.14724591374397278,
    "boundary": 0.460012286901474,
    "cognitive": 0.6592077016830444,
    "emotions": 0.4949896037578583,
    "emotions_boolean": 0.7896468639373779,
    "emotions_boundary": 0.3324836194515228,
    "grammar": 0.22834137082099915,
    "movement": 0.4063088595867157,
    "multilingual": 0.28658345341682434,
    "objects": 0.6560560464859009,
    "spatial": 0.19012883305549622,
    "time": 0.2066616714000702,
    "vehicles": 0.6947908997535706
  }
}