{
  "hub_threshold": 0.7,
  "n_categories": 16,
  "dim": 196608,
  "n_hubs": 3685,
  "n_semantic": 1507,
  "n_silent": 187391,
  "hub_pct": 0.018742879231770832,
  "layer_head_hubs": {
    "L0H0": 119,
    "L0H1": 49,
    "L0H2": 55,
    "L0H3": 182,
    "L1H0": 94,
    "L1H1": 40,
    "L1H2": 49,
    "L1H3": 153,
    "L2H0": 162,
    "L2H1": 76,
    "L2H2": 105,
    "L2H3": 179,
    "L3H0": 180,
    "L3H1": 140,
    "L3H2": 176,
    "L3H3": 148,
    "L4H0": 217,
    "L4H1": 201,
    "L4H2": 233,
    "L4H3": 157,
    "L5H0": 238,
    "L5H1": 249,
    "L5H2": 277,
    "L5H3": 206
  },
  "similarity_before": {
    "abstract": 0.9955099821090698,
    "animals": 0.9971177577972412,
    "animals_boolean": 0.9938003420829773,
    "arithmetic": 0.9786468744277954,
    "boundary": 0.9899234771728516,
    "cognitive": 0.99205482006073,
    "emotions": 0.995734453201294,
    "emotions_boolean": 0.991347074508667,
    "emotions_boundary": 0.9925047755241394,
    "grammar": 0.9758979678153992,
    "movement": 0.9873028993606567,
    "multilingual": 0.9818853735923767,
    "objects": 0.9972435832023621,
    "spatial": 0.9784855246543884,
    "time": 0.9823541045188904,
    "vehicles": 0.997456431388855
  },
  "similarity_after": {
    "abstract": 0.3874889016151428,
    "animals": 0.5950376987457275,
    "animals_boolean": 0.44028735160827637,
    "arithmetic": 0.18964074552059174,
    "boundary": 0.3632923364639282,
    "cognitive": 0.605818510055542,
    "emotions": 0.6309306621551514,
    "emotions_boolean": 0.4667198061943054,
    "emotions_boundary": 0.5470210909843445,
    "grammar": 0.31886234879493713,
    "movement": 0.3872483968734741,
    "multilingual": 0.24773962795734406,
    "objects": 0.6872594356536865,
    "spatial": 0.1688430905342102,
    "time": 0.22938351333141327,
    "vehicles": 0.6888187527656555
  }
}