{
  "hub_threshold": 0.7,
  "n_categories": 14,
  "dim": 196608,
  "n_hubs": 2259,
  "n_semantic": 3480,
  "n_silent": 185105,
  "hub_pct": 0.0114898681640625,
  "layer_head_hubs": {
    "L0H0": 57,
    "L0H1": 22,
    "L0H2": 30,
    "L0H3": 78,
    "L1H0": 30,
    "L1H1": 21,
    "L1H2": 25,
    "L1H3": 125,
    "L2H0": 42,
    "L2H1": 49,
    "L2H2": 93,
    "L2H3": 98,
    "L3H0": 64,
    "L3H1": 141,
    "L3H2": 143,
    "L3H3": 98,
    "L4H0": 95,
    "L4H1": 148,
    "L4H2": 200,
    "L4H3": 89,
    "L5H0": 156,
    "L5H1": 155,
    "L5H2": 200,
    "L5H3": 100
  },
  "similarity_before": {
    "arithmetic": 0.9808866381645203,
    "arithmetic_de": 0.9825977683067322,
    "arithmetic_grounded": 0.8996363878250122,
    "arithmetic_jp": 0.9670742750167847,
    "arithmetic_para": 0.9121222496032715,
    "arithmetic_zh": 0.9853294491767883,
    "comparison": 0.7954423427581787,
    "contrastive": 0.7530092597007751,
    "grounded_causal": 0.8523838520050049,
    "identity": 0.8776863217353821,
    "rule_application": 0.9453750848770142,
    "sequence": 0.8155046701431274,
    "successor": 0.8328174352645874,
    "zero": 0.7992591857910156
  },
  "similarity_after": {
    "arithmetic": 0.6989284753799438,
    "arithmetic_de": 0.7252727746963501,
    "arithmetic_grounded": 0.565255880355835,
    "arithmetic_jp": 0.8602393269538879,
    "arithmetic_para": 0.31276753544807434,
    "arithmetic_zh": 0.9205850958824158,
    "comparison": 0.3037562072277069,
    "contrastive": 0.6417056322097778,
    "grounded_causal": 0.22894532978534698,
    "identity": 0.1873234361410141,
    "rule_application": 0.8284255862236023,
    "sequence": 0.4603109359741211,
    "successor": 0.3103823661804199,
    "zero": 0.4955671429634094
  }
}