{
  "hub_threshold": 0.7,
  "n_categories": 14,
  "dim": 196608,
  "n_hubs": 3938,
  "n_semantic": 1760,
  "n_silent": 186169,
  "hub_pct": 0.020029703776041668,
  "layer_head_hubs": {
    "L0H0": 116,
    "L0H1": 48,
    "L0H2": 53,
    "L0H3": 153,
    "L1H0": 96,
    "L1H1": 44,
    "L1H2": 48,
    "L1H3": 131,
    "L2H0": 131,
    "L2H1": 68,
    "L2H2": 78,
    "L2H3": 158,
    "L3H0": 148,
    "L3H1": 116,
    "L3H2": 161,
    "L3H3": 151,
    "L4H0": 213,
    "L4H1": 213,
    "L4H2": 256,
    "L4H3": 180,
    "L5H0": 340,
    "L5H1": 333,
    "L5H2": 422,
    "L5H3": 281
  },
  "similarity_before": {
    "arithmetic": 0.9969773888587952,
    "arithmetic_de": 0.9978054761886597,
    "arithmetic_grounded": 0.9862390756607056,
    "arithmetic_jp": 0.9992640018463135,
    "arithmetic_para": 0.9885483980178833,
    "arithmetic_zh": 0.9990122318267822,
    "comparison": 0.9692241549491882,
    "contrastive": 0.9912729263305664,
    "grounded_causal": 0.968110203742981,
    "identity": 0.9671955108642578,
    "rule_application": 0.9887157678604126,
    "sequence": 0.9775584936141968,
    "successor": 0.971876323223114,
    "zero": 0.9703059196472168
  },
  "similarity_after": {
    "arithmetic": 0.7972724437713623,
    "arithmetic_de": 0.9532293081283569,
    "arithmetic_grounded": 0.62274569272995,
    "arithmetic_jp": 0.9900969862937927,
    "arithmetic_para": 0.483774334192276,
    "arithmetic_zh": 0.9910038709640503,
    "comparison": 0.3011179268360138,
    "contrastive": 0.8513563275337219,
    "grounded_causal": 0.18905189633369446,
    "identity": 0.2844887971878052,
    "rule_application": 0.787979781627655,
    "sequence": 0.5290018916130066,
    "successor": 0.22919344902038574,
    "zero": 0.38104575872421265
  }
}