{
  "hub_threshold": 0.7,
  "n_categories": 14,
  "dim": 196608,
  "n_hubs": 2834,
  "n_semantic": 4239,
  "n_silent": 181049,
  "hub_pct": 0.014414469401041666,
  "layer_head_hubs": {
    "L0H0": 69,
    "L0H1": 43,
    "L0H2": 30,
    "L0H3": 111,
    "L1H0": 76,
    "L1H1": 27,
    "L1H2": 29,
    "L1H3": 128,
    "L2H0": 211,
    "L2H1": 65,
    "L2H2": 64,
    "L2H3": 281,
    "L3H0": 194,
    "L3H1": 131,
    "L3H2": 127,
    "L3H3": 200,
    "L4H0": 141,
    "L4H1": 130,
    "L4H2": 145,
    "L4H3": 110,
    "L5H0": 116,
    "L5H1": 146,
    "L5H2": 160,
    "L5H3": 100
  },
  "similarity_before": {
    "arithmetic": 0.9888224005699158,
    "arithmetic_de": 0.9867601990699768,
    "arithmetic_grounded": 0.9641655087471008,
    "arithmetic_jp": 0.9976354837417603,
    "arithmetic_para": 0.9590649604797363,
    "arithmetic_zh": 0.9963555932044983,
    "comparison": 0.9460610151290894,
    "contrastive": 0.9830923080444336,
    "grounded_causal": 0.9267796277999878,
    "identity": 0.9423105120658875,
    "rule_application": 0.9738650321960449,
    "sequence": 0.9417956471443176,
    "successor": 0.9369823932647705,
    "zero": 0.9528729319572449
  },
  "similarity_after": {
    "arithmetic": 0.6679670810699463,
    "arithmetic_de": 0.9173866510391235,
    "arithmetic_grounded": 0.5434699058532715,
    "arithmetic_jp": 0.9785273671150208,
    "arithmetic_para": 0.2932455837726593,
    "arithmetic_zh": 0.9590224027633667,
    "comparison": 0.2558668553829193,
    "contrastive": 0.7418831586837769,
    "grounded_causal": 0.15526477992534637,
    "identity": 0.24839965999126434,
    "rule_application": 0.7646791338920593,
    "sequence": 0.4081917703151703,
    "successor": 0.21820363402366638,
    "zero": 0.4550076425075531
  }
}