{
  "hub_threshold": 0.7,
  "n_categories": 14,
  "dim": 196608,
  "n_hubs": 2108,
  "n_semantic": 1547,
  "n_silent": 190085,
  "hub_pct": 0.010721842447916666,
  "layer_head_hubs": {
    "L0H0": 68,
    "L0H1": 35,
    "L0H2": 44,
    "L0H3": 80,
    "L1H0": 32,
    "L1H1": 17,
    "L1H2": 20,
    "L1H3": 97,
    "L2H0": 64,
    "L2H1": 55,
    "L2H2": 67,
    "L2H3": 80,
    "L3H0": 101,
    "L3H1": 112,
    "L3H2": 104,
    "L3H3": 74,
    "L4H0": 110,
    "L4H1": 142,
    "L4H2": 125,
    "L4H3": 91,
    "L5H0": 156,
    "L5H1": 159,
    "L5H2": 165,
    "L5H3": 110
  },
  "similarity_before": {
    "arithmetic": 0.9903087615966797,
    "arithmetic_de": 0.9905614852905273,
    "arithmetic_grounded": 0.9382015466690063,
    "arithmetic_jp": 0.9947192072868347,
    "arithmetic_para": 0.9319195747375488,
    "arithmetic_zh": 0.997078537940979,
    "comparison": 0.9505537152290344,
    "contrastive": 0.9580772519111633,
    "grounded_causal": 0.9175028800964355,
    "identity": 0.9332382678985596,
    "rule_application": 0.9576094746589661,
    "sequence": 0.9484554529190063,
    "successor": 0.9436941146850586,
    "zero": 0.9477396011352539
  },
  "similarity_after": {
    "arithmetic": 0.661844789981842,
    "arithmetic_de": 0.7471536993980408,
    "arithmetic_grounded": 0.22933325171470642,
    "arithmetic_jp": 0.9369580745697021,
    "arithmetic_para": 0.22556498646736145,
    "arithmetic_zh": 0.9404359459877014,
    "comparison": 0.20398996770381927,
    "contrastive": 0.5995517373085022,
    "grounded_causal": 0.16218973696231842,
    "identity": 0.17539888620376587,
    "rule_application": 0.747320830821991,
    "sequence": 0.5104507803916931,
    "successor": 0.31910431385040283,
    "zero": 0.3372171223163605
  }
}