{
  "hub_threshold": 0.7,
  "n_categories": 16,
  "dim": 196608,
  "n_hubs": 1662,
  "n_semantic": 1501,
  "n_silent": 190460,
  "hub_pct": 0.008453369140625,
  "layer_head_hubs": {
    "L0H0": 40,
    "L0H1": 51,
    "L0H2": 30,
    "L0H3": 37,
    "L1H0": 39,
    "L1H1": 37,
    "L1H2": 25,
    "L1H3": 32,
    "L2H0": 46,
    "L2H1": 49,
    "L2H2": 47,
    "L2H3": 42,
    "L3H0": 76,
    "L3H1": 78,
    "L3H2": 67,
    "L3H3": 34,
    "L4H0": 184,
    "L4H1": 117,
    "L4H2": 87,
    "L4H3": 44,
    "L5H0": 220,
    "L5H1": 126,
    "L5H2": 107,
    "L5H3": 47
  },
  "similarity_before": {
    "abstract": 0.9897998571395874,
    "animals": 0.9953803420066833,
    "animals_boolean": 0.9728013873100281,
    "arithmetic": 0.9029026031494141,
    "boundary": 0.9750247597694397,
    "cognitive": 0.9918071627616882,
    "emotions": 0.9940903186798096,
    "emotions_boolean": 0.9902165532112122,
    "emotions_boundary": 0.9695622324943542,
    "grammar": 0.8995950818061829,
    "movement": 0.9840025305747986,
    "multilingual": 0.8792974352836609,
    "objects": 0.9960957765579224,
    "spatial": 0.9009224772453308,
    "time": 0.8903576731681824,
    "vehicles": 0.9951111674308777
  },
  "similarity_after": {
    "abstract": 0.531188428401947,
    "animals": 0.6649231314659119,
    "animals_boolean": 0.45717689394950867,
    "arithmetic": 0.133522629737854,
    "boundary": 0.38527151942253113,
    "cognitive": 0.6541353464126587,
    "emotions": 0.7228150963783264,
    "emotions_boolean": 0.845130205154419,
    "emotions_boundary": 0.25998905301094055,
    "grammar": 0.20746515691280365,
    "movement": 0.38115355372428894,
    "multilingual": 0.20799635350704193,
    "objects": 0.7116064429283142,
    "spatial": 0.12466268241405487,
    "time": 0.16564786434173584,
    "vehicles": 0.806513786315918
  }
}