{
  "hub_threshold": 0.7,
  "n_categories": 10,
  "dim": 196608,
  "n_hubs": 7082,
  "n_semantic": 9053,
  "n_silent": 164630,
  "hub_pct": 0.036020914713541664,
  "layer_head_hubs": {
    "L0H0": 115,
    "L0H1": 65,
    "L0H2": 393,
    "L0H3": 71,
    "L1H0": 157,
    "L1H1": 34,
    "L1H2": 140,
    "L1H3": 520,
    "L2H0": 205,
    "L2H1": 39,
    "L2H2": 488,
    "L2H3": 595,
    "L3H0": 205,
    "L3H1": 77,
    "L3H2": 407,
    "L3H3": 504,
    "L4H0": 213,
    "L4H1": 118,
    "L4H2": 549,
    "L4H3": 578,
    "L5H0": 399,
    "L5H1": 158,
    "L5H2": 568,
    "L5H3": 484
  },
  "similarity_before": {
    "actions": 0.32779088616371155,
    "animals": 0.41249239444732666,
    "body": 0.4307857155799866,
    "boundary": 0.5966291427612305,
    "colors": 0.4565749764442444,
    "emotions": 0.3583206534385681,
    "food": 0.3242835998535156,
    "household": 0.5790476202964783,
    "identity": 0.4145740866661072,
    "nature": 0.35319241881370544
  },
  "similarity_after": {
    "actions": 0.05108881741762161,
    "animals": 0.27166804671287537,
    "body": 0.15751336514949799,
    "boundary": 0.40855610370635986,
    "colors": 0.21990562975406647,
    "emotions": 0.06387370824813843,
    "food": 0.07824153453111649,
    "household": 0.5416128635406494,
    "identity": 0.14143283665180206,
    "nature": 0.10351809114217758
  }
}