{
  "hub_threshold": 0.7,
  "n_categories": 10,
  "dim": 196608,
  "n_hubs": 15639,
  "n_semantic": 7555,
  "n_silent": 158877,
  "hub_pct": 0.0795440673828125,
  "layer_head_hubs": {
    "L0H0": 456,
    "L0H1": 550,
    "L0H2": 727,
    "L0H3": 552,
    "L1H0": 224,
    "L1H1": 213,
    "L1H2": 329,
    "L1H3": 542,
    "L2H0": 301,
    "L2H1": 226,
    "L2H2": 473,
    "L2H3": 989,
    "L3H0": 488,
    "L3H1": 317,
    "L3H2": 804,
    "L3H3": 1160,
    "L4H0": 706,
    "L4H1": 505,
    "L4H2": 1057,
    "L4H3": 1088,
    "L5H0": 825,
    "L5H1": 756,
    "L5H2": 1196,
    "L5H3": 1155
  },
  "similarity_before": {
    "actions": 0.6703565716743469,
    "animals": 0.6518685221672058,
    "body": 0.7261963486671448,
    "boundary": 0.7097086310386658,
    "colors": 0.6664562821388245,
    "emotions": 0.6395376920700073,
    "food": 0.6182233095169067,
    "household": 0.7329667210578918,
    "identity": 0.6308349967002869,
    "nature": 0.6158612370491028
  },
  "similarity_after": {
    "actions": 0.1375170648097992,
    "animals": 0.09582070261240005,
    "body": 0.1531449854373932,
    "boundary": 0.43520238995552063,
    "colors": 0.15743492543697357,
    "emotions": 0.12475252896547318,
    "food": 0.1864408552646637,
    "household": 0.2138502448797226,
    "identity": 0.11363760381937027,
    "nature": 0.05372332036495209
  }
}