{
  "hub_threshold": 0.7,
  "n_categories": 10,
  "dim": 196608,
  "n_hubs": 6961,
  "n_semantic": 8743,
  "n_silent": 167266,
  "hub_pct": 0.035405476888020836,
  "layer_head_hubs": {
    "L0H0": 125,
    "L0H1": 72,
    "L0H2": 564,
    "L0H3": 121,
    "L1H0": 132,
    "L1H1": 50,
    "L1H2": 166,
    "L1H3": 356,
    "L2H0": 170,
    "L2H1": 53,
    "L2H2": 359,
    "L2H3": 418,
    "L3H0": 192,
    "L3H1": 82,
    "L3H2": 445,
    "L3H3": 401,
    "L4H0": 250,
    "L4H1": 91,
    "L4H2": 595,
    "L4H3": 621,
    "L5H0": 330,
    "L5H1": 130,
    "L5H2": 738,
    "L5H3": 500
  },
  "similarity_before": {
    "actions": 0.42971271276474,
    "animals": 0.46019428968429565,
    "body": 0.47920504212379456,
    "boundary": 0.5944317579269409,
    "colors": 0.48566633462905884,
    "emotions": 0.48085352778434753,
    "food": 0.4744616150856018,
    "household": 0.604166567325592,
    "identity": 0.39488622546195984,
    "nature": 0.40580567717552185
  },
  "similarity_after": {
    "actions": 0.10894624143838882,
    "animals": 0.18084706366062164,
    "body": 0.1583971083164215,
    "boundary": 0.3908053934574127,
    "colors": 0.1902948021888733,
    "emotions": 0.13326385617256165,
    "food": 0.12040915340185165,
    "household": 0.43891996145248413,
    "identity": 0.15822869539260864,
    "nature": 0.1029159277677536
  }
}