{
  "hub_threshold": 0.7,
  "n_categories": 10,
  "dim": 196608,
  "n_hubs": 6549,
  "n_semantic": 9003,
  "n_silent": 166125,
  "hub_pct": 0.0333099365234375,
  "layer_head_hubs": {
    "L0H0": 103,
    "L0H1": 51,
    "L0H2": 391,
    "L0H3": 112,
    "L1H0": 133,
    "L1H1": 21,
    "L1H2": 117,
    "L1H3": 783,
    "L2H0": 158,
    "L2H1": 26,
    "L2H2": 295,
    "L2H3": 400,
    "L3H0": 176,
    "L3H1": 46,
    "L3H2": 352,
    "L3H3": 609,
    "L4H0": 219,
    "L4H1": 88,
    "L4H2": 410,
    "L4H3": 524,
    "L5H0": 380,
    "L5H1": 144,
    "L5H2": 494,
    "L5H3": 517
  },
  "similarity_before": {
    "actions": 0.3256588578224182,
    "animals": 0.4353061318397522,
    "body": 0.42351099848747253,
    "boundary": 0.5974329710006714,
    "colors": 0.4583737254142761,
    "emotions": 0.3464680314064026,
    "food": 0.33018580079078674,
    "household": 0.5996569395065308,
    "identity": 0.40233802795410156,
    "nature": 0.34916630387306213
  },
  "similarity_after": {
    "actions": 0.05168461054563522,
    "animals": 0.18073920905590057,
    "body": 0.12746381759643555,
    "boundary": 0.45536473393440247,
    "colors": 0.23113961517810822,
    "emotions": 0.05876095965504646,
    "food": 0.03402675688266754,
    "household": 0.38103020191192627,
    "identity": 0.15018603205680847,
    "nature": 0.08339302241802216
  }
}