{
  "hub_threshold": 0.7,
  "n_categories": 10,
  "dim": 196608,
  "n_hubs": 8015,
  "n_semantic": 7233,
  "n_silent": 168468,
  "hub_pct": 0.040766398111979164,
  "layer_head_hubs": {
    "L0H0": 140,
    "L0H1": 102,
    "L0H2": 516,
    "L0H3": 280,
    "L1H0": 138,
    "L1H1": 89,
    "L1H2": 186,
    "L1H3": 414,
    "L2H0": 180,
    "L2H1": 72,
    "L2H2": 315,
    "L2H3": 580,
    "L3H0": 244,
    "L3H1": 82,
    "L3H2": 507,
    "L3H3": 570,
    "L4H0": 311,
    "L4H1": 122,
    "L4H2": 619,
    "L4H3": 594,
    "L5H0": 389,
    "L5H1": 205,
    "L5H2": 709,
    "L5H3": 651
  },
  "similarity_before": {
    "actions": 0.570104718208313,
    "animals": 0.5528945922851562,
    "body": 0.6107891798019409,
    "boundary": 0.6527734994888306,
    "colors": 0.5464145541191101,
    "emotions": 0.5275343656539917,
    "food": 0.533877968788147,
    "household": 0.7055370807647705,
    "identity": 0.5029035806655884,
    "nature": 0.482946515083313
  },
  "similarity_after": {
    "actions": 0.1630009561777115,
    "animals": 0.14099344611167908,
    "body": 0.1223440170288086,
    "boundary": 0.3657092750072479,
    "colors": 0.21047990024089813,
    "emotions": 0.22846822440624237,
    "food": 0.12844029068946838,
    "household": 0.32797592878341675,
    "identity": 0.110330730676651,
    "nature": 0.08401884138584137
  }
}